Customer Number,First Name,Last Name,Order Number,Order Date,NPS Score,Customer Response,Survey Date,Churned,Churn Date,Churn Reason
01JSVRPTTVSBSDBNK3CQKSHM38,Kent,Kelly,7991,2025-03-01,4,"Online order was delayed with no updates, frustrating process. and Unreliable product—my reel broke after one fishing trip. and Customer service was slow and unhelpful with my warranty question..",2025-01-16,0,,
01JSVRPTTW8CGQGT6JYFF17FCW,Jessica,Marshall,26039,2025-03-08,1,"Product was in stock and worked perfectly, couldn’t be happier. and Best prices I’ve seen for high-quality fishing rods, no complaints here!.",2025-04-10,0,,
01JSVRPTTWJVAXYG6SDTNW7KCP,Eric,Smith,23052,2025-01-26,4,Customer service was slow and unhelpful with my warranty question..,2025-04-17,1,2025-04-05,faster and more helpful warranty support
01JSVRPTTW1ZPKMW3H3RJQHCXS,Andrea,Patterson,73125,2025-04-09,3,"Store was clean, but the return policy felt restrictive. and Average experience, pricing was okay but nothing special..",2025-04-19,0,,
01JSVRPTTXDG004QBFQMGYV8G0,Vernon,Schwartz,79746,2025-02-08,1,"Best prices I’ve seen for high-quality fishing rods, no complaints here! and Product was in stock and worked perfectly, couldn’t be happier..",2025-03-23,0,,
01JSVRPTTXE285Y2BQW422X1B6,Malik,Nichols,41023,2025-01-06,3,"Customer service was fine but didn’t seem to care much. and Product availability was hit or miss, had to settle for my second choice..",2025-02-28,1,2025-02-21,more attentive and caring customer support
01JSVRPTTXA3G0NT4JK1ZXE5JC,Brittney,Bonilla,6554,2025-01-05,4,"Customer service was slow and unhelpful with my warranty question. and Store hours are inconvenient, closed when I needed to shop..",2025-04-19,0,,
01JSVRPTTX2W9YC2ABNYNGVR5Z,Steven,Hutchinson,73018,2025-02-01,1,"Outstanding customer service, staff went above and beyond to help me find the right gear. and Product was in stock and worked perfectly, couldn’t be happier..",2025-01-05,0,,
01JSVRPTTY6Q1R29J4GP6S0JBJ,Christopher,Zhang,6370,2025-02-15,2,"Online order arrived on time, but packaging was slightly damaged..",2025-04-12,0,,
01JSVRPTTY60WXQCD30TAVRQ9P,Colin,Carr,33308,2025-03-27,2,"Reliable product, though the staff seemed too busy to assist. and Decent selection, but I wish they had more sizes in stock. and Online order arrived on time, but packaging was slightly damaged..",2025-03-18,0,,
01JSVRPTTY9XD95M0NBRJ4FM20,Madison,Scott,81770,2025-04-16,2,"Customer service was friendly but not very knowledgeable about firearms. and Business hours are convenient, but the store was a bit messy. and Decent selection, but I wish they had more sizes in stock..",2025-01-27,0,,
01JSVRPTTYFZVGB08WWYBNWC42,Kenneth,Pierce,53092,2025-04-01,4,"Store hours are inconvenient, closed when I needed to shop. and Unreliable product—my reel broke after one fishing trip..",2025-04-06,0,,
01JSVRPTTY2FBQABEXH4BDA8WK,Anna,Olsen,7079,2025-01-03,1,"Return process was super easy and hassle-free. and Best prices I’ve seen for high-quality fishing rods, no complaints here!.",2025-02-21,0,,
01JSVRPTTZ4ZG1QKE2M505ZQG3,Craig,Silva,90734,2025-03-01,2,"Good pricing on camping gear, but the checkout line took forever..",2025-01-06,0,,
01JSVRPTTZKVV4Z58M6YC1SV3K,Amanda,Howard,13467,2025-04-08,3,"Product availability was hit or miss, had to settle for my second choice. and Shipping took longer than expected for my kayak order..",2025-04-24,0,,
01JSVRPTTZ7M6WAZM7ECHCEN6Z,Brianna,Stone,38033,2025-02-25,3,"Average experience, pricing was okay but nothing special. and Store was clean, but the return policy felt restrictive..",2025-04-25,1,2025-04-09,more competitive pricing and better value
01JSVRPTV0A67SMXY9GZ0SFKXJ,Kenneth,Martin,35055,2025-02-14,5,"Return policy is a nightmare, they wouldn’t take back a faulty item. and Out of stock on half the fishing gear I needed, waste of a trip..",2025-01-06,1,2025-04-20,a straightforward and fair return process
01JSVRPTV0EAKZTNK2GCYWJH8T,Andrea,Lynch,86103,2025-01-05,2,"Decent selection, but I wish they had more sizes in stock..",2025-02-07,0,,
01JSVRPTV0XC25631NC9VYDKFD,Wendy,Hunter,61983,2025-02-23,2,"Reliable product, though the staff seemed too busy to assist. and Decent selection, but I wish they had more sizes in stock. and Good pricing on camping gear, but the checkout line took forever..",2025-04-03,0,,
01JSVRPTV0C273EE6DEBTC9AFA,Todd,Robertson,24055,2025-02-24,3,"Shipping took longer than expected for my kayak order. and Store was clean, but the return policy felt restrictive. and Average experience, pricing was okay but nothing special..",2025-01-04,0,,
01JSVRPTV18D0QACS0MZQ4SA9N,Cody,Hall,87872,2025-02-16,3,"Product availability was hit or miss, had to settle for my second choice..",2025-04-20,0,,
01JSVRPTV1B6Z82GA5E3VMEPX2,Joseph,Ayers,14444,2025-02-22,1,"Best prices I’ve seen for high-quality fishing rods, no complaints here! and Outstanding customer service, staff went above and beyond to help me find the right gear..",2025-02-09,0,,
01JSVRPTV1KQ1D19QSWTT4D7DZ,Timothy,Chavez,40723,2025-04-09,3,"Store was clean, but the return policy felt restrictive. and Business hours are alright, but they close too early on weekends..",2025-02-14,0,,
01JSVRPTV1Y3WZP60ZB4TBB7EV,Walter,Molina,47908,2025-04-01,2,"Good pricing on camping gear, but the checkout line took forever. and Customer service was friendly but not very knowledgeable about firearms..",2025-04-01,0,,
01JSVRPTV21VHQ740HEWXBZWVP,Stephanie,Hayes,69060,2025-03-03,3,"Product availability was hit or miss, had to settle for my second choice. and Customer service was fine but didn’t seem to care much..",2025-01-03,0,,
01JSVRPTV2WQK21Z3T8E3C81WB,Jennifer,Callahan,68550,2025-02-20,1,"Outstanding customer service, staff went above and beyond to help me find the right gear. and Return process was super easy and hassle-free..",2025-03-01,0,,
01JSVRPTV2R4ZJN2V4NG7FT20K,Alyssa,Boone,53078,2025-01-24,5,Product was defective—my bike tire popped on the first ride..,2025-03-23,0,,
01JSVRPTV2QB5M218JBN94J52Z,Nicole,Clark,34767,2025-03-27,2,"Business hours are convenient, but the store was a bit messy. and Good pricing on camping gear, but the checkout line took forever. and Customer service was friendly but not very knowledgeable about firearms..",2025-03-14,0,,
01JSVRPTV3M8A7T9SF2VY74PEE,Michael,Beck,53983,2025-01-26,1,"Product was in stock and worked perfectly, couldn’t be happier..",2025-03-23,0,,
01JSVRPTV35V1NMZ37FRY4YSD1,Yvette,Stewart,81376,2025-04-13,3,Customer service was fine but didn’t seem to care much. and Shipping took longer than expected for my kayak order..,2025-04-22,1,2025-01-01,more attentive and caring customer support
01JSVRPTV3AQWXEQWZ0BBK73C6,Jaclyn,Graves,17612,2025-01-31,1,"Return process was super easy and hassle-free. and Knowledgeable staff helped me pick the perfect hunting boots. and Fast shipping on my online order, arrived ahead of schedule..",2025-03-31,0,,
01JSVRPTV36Y5XCC967C04FBR4,Debbie,Perry,41909,2025-02-21,2,"Online order arrived on time, but packaging was slightly damaged. and Business hours are convenient, but the store was a bit messy..",2025-01-04,0,,
01JSVRPTV4HGKKGRV3N4MSYY5K,Caitlin,Moran,65062,2025-03-06,1,"Product was in stock and worked perfectly, couldn’t be happier. and Best prices I’ve seen for high-quality fishing rods, no complaints here! and Return process was super easy and hassle-free..",2025-03-30,0,,
01JSVRPTV47X4690XSGFEMK5AE,Peter,Boyd,80533,2025-03-14,1,"Best prices I’ve seen for high-quality fishing rods, no complaints here! and Fast shipping on my online order, arrived ahead of schedule. and Outstanding customer service, staff went above and beyond to help me find the right gear..",2025-03-23,0,,
01JSVRPTV48XYYP9WPPA3Y5KZZ,Brittany,Pugh,91731,2025-01-24,4,"Store hours are inconvenient, closed when I needed to shop..",2025-01-25,0,,
01JSVRPTV5S1QB2A528EHA554A,Phillip,King,24729,2025-02-12,5,"Out of stock on half the fishing gear I needed, waste of a trip..",2025-01-27,0,,
01JSVRPTV52MXNXY6F3JFT6B33,Sarah,Braun,98092,2025-01-20,4,Customer service was slow and unhelpful with my warranty question..,2025-03-27,0,,
01JSVRPTV5KRW5F4MRFA273E4C,Daisy,Hall,26394,2025-03-03,4,Unreliable product—my reel broke after one fishing trip..,2025-02-22,0,,
01JSVRPTV589JXC794BYZE4EQS,Andrew,Anderson,76092,2025-04-16,1,"Knowledgeable staff helped me pick the perfect hunting boots. and Return process was super easy and hassle-free. and Best prices I’ve seen for high-quality fishing rods, no complaints here!.",2025-04-21,0,,
01JSVRPTV66B4MT2H3MQC3PVEG,James,Patterson,45348,2025-01-09,5,"Out of stock on half the fishing gear I needed, waste of a trip. and Return policy is a nightmare, they wouldn’t take back a faulty item..",2025-02-19,0,,
01JSVRPTV606X7SKA714FH2PC9,Michael,Le,62332,2025-01-09,3,"Customer service was fine but didn’t seem to care much. and Product availability was hit or miss, had to settle for my second choice..",2025-03-06,0,,
01JSVRPTV69X2VKZGMZBSXT5CV,James,Rodriguez,15627,2025-03-25,4,"Unreliable product—my reel broke after one fishing trip. and Online order was delayed with no updates, frustrating process. and Hidden fees popped up at checkout, really soured the experience..",2025-01-01,0,,
01JSVRPTV6B45E8RF9HVEEFSHW,Jason,Rose,19952,2025-03-01,2,"Good pricing on camping gear, but the checkout line took forever..",2025-03-23,0,,
01JSVRPTV7CWT3BZ9KBGWNQXX5,Paula,Miller,45256,2025-04-16,3,"Store was clean, but the return policy felt restrictive. and Customer service was fine but didn’t seem to care much..",2025-01-01,0,,
01JSVRPTV7K28G8048BEYH25RR,Joel,Kennedy,25775,2025-03-20,4,"Customer service was slow and unhelpful with my warranty question. and Hidden fees popped up at checkout, really soured the experience. and Online order was delayed with no updates, frustrating process..",2025-01-17,0,,
01JSVRPTV7SPG7TC5WHMH70GPF,Brandon,Edwards,55785,2025-02-02,3,Shipping took longer than expected for my kayak order..,2025-03-19,0,,
01JSVRPTV7YHC0WZCDWYSJZDYS,Kaitlin,Knight,97531,2025-04-08,5,"Business hours are ridiculous, closed mid-day when I stopped by. and Hidden fees everywhere, felt like a bait-and-switch on pricing. and Terrible customer service, staff ignored me while I waited for help..",2025-02-22,0,,
01JSVRPTV8GRDMKGY57TE5HXGY,Robert,Pearson,85930,2025-01-23,3,"Business hours are alright, but they close too early on weekends. and Shipping took longer than expected for my kayak order..",2025-01-16,0,,
01JSVRPTV8MNTG9377J9072YS4,Margaret,Jones,18184,2025-02-06,5,"Business hours are ridiculous, closed mid-day when I stopped by. and Product was defective—my bike tire popped on the first ride..",2025-02-09,0,,
01JSVRPTV8QSH05ARM255E5JKN,Craig,Brooks,70691,2025-03-21,3,"Product availability was hit or miss, had to settle for my second choice. and Average experience, pricing was okay but nothing special..",2025-04-26,0,,
01JSVRPTV8BZK3H1J5456VP61S,Nathan,Zamora,58743,2025-02-25,1,Knowledgeable staff helped me pick the perfect hunting boots..,2025-04-06,0,,
01JSVRPTV9C9AZTX64XKGBYNA0,Wendy,Snow,57201,2025-01-13,4,"Customer service was slow and unhelpful with my warranty question. and Poor product availability, they were out of the tent I wanted. and Online order was delayed with no updates, frustrating process..",2025-01-22,1,2025-04-08,faster and more helpful warranty support
01JSVRPTV947BNNDP5MX985E8N,Brittany,Douglas,92360,2025-02-08,2,"Business hours are convenient, but the store was a bit messy..",2025-03-04,0,,
01JSVRPTV9XE3GSZQC7Q5V9NF3,Jasmine,Villa,52447,2025-01-13,5,"Return policy is a nightmare, they wouldn’t take back a faulty item. and Product was defective—my bike tire popped on the first ride..",2025-01-07,0,,
01JSVRPTV9XQZNCG5605ATPSRV,Keith,Perez,16615,2025-04-19,2,"Business hours are convenient, but the store was a bit messy. and Reliable product, though the staff seemed too busy to assist. and Good pricing on camping gear, but the checkout line took forever..",2025-01-26,0,,
01JSVRPTVAS8ZZFMSM92HQ9T96,Tiffany,Phillips,79351,2025-03-01,2,"Customer service was friendly but not very knowledgeable about firearms. and Good pricing on camping gear, but the checkout line took forever..",2025-04-11,0,,
01JSVRPTVA6ABR8VY5217DRKAQ,Mark,Howard,96180,2025-03-31,3,"Business hours are alright, but they close too early on weekends..",2025-01-05,0,,
01JSVRPTVAQ3JXRWW17CSTMJVV,Kimberly,Powell,92897,2025-02-04,3,Shipping took longer than expected for my kayak order..,2025-04-08,0,,
01JSVRPTVA4P5G3T4RR388QEVR,Zachary,Rodriguez,25906,2025-03-13,1,Return process was super easy and hassle-free..,2025-04-05,0,,
01JSVRPTVBCF07WCB99P1R60RN,Suzanne,Steele,67914,2025-02-23,5,"Business hours are ridiculous, closed mid-day when I stopped by. and Product was defective—my bike tire popped on the first ride. and Out of stock on half the fishing gear I needed, waste of a trip..",2025-02-07,0,,
01JSVRPTVB0S0RJYN0Q3E1ACVF,Jenny,Schroeder,64959,2025-04-11,1,"Outstanding customer service, staff went above and beyond to help me find the right gear. and Fast shipping on my online order, arrived ahead of schedule. and Product was in stock and worked perfectly, couldn’t be happier..",2025-02-08,0,,
01JSVRPTVBBN17E48RC4YWZ6JB,Daniel,Burns,6870,2025-03-22,2,"Business hours are convenient, but the store was a bit messy..",2025-03-22,0,,
01JSVRPTVBX2C65MHTTXZBW1FY,Jimmy,Ryan,78765,2025-03-30,5,"Out of stock on half the fishing gear I needed, waste of a trip..",2025-03-02,0,,
01JSVRPTVB8MFMQKQ0JMY7DK9F,Ronald,Miller,47332,2025-02-02,1,"Outstanding customer service, staff went above and beyond to help me find the right gear. and Knowledgeable staff helped me pick the perfect hunting boots..",2025-03-19,0,,
01JSVRPTVCXHAV0YDMN3MW4ZYV,Gregory,Gray,32082,2025-03-04,5,"Product was defective—my bike tire popped on the first ride. and Business hours are ridiculous, closed mid-day when I stopped by. and Hidden fees everywhere, felt like a bait-and-switch on pricing..",2025-02-21,1,2025-03-10,higher-quality products that I can rely on
01JSVRPTVC3JA946VJVDBHC7J1,Melissa,Johnson,47046,2025-04-23,4,"Poor product availability, they were out of the tent I wanted..",2025-02-13,0,,
01JSVRPTVCKF81E3SZMNYEZ1PS,Randy,Mcdonald,21796,2025-01-30,2,"Reliable product, though the staff seemed too busy to assist..",2025-01-20,0,,
01JSVRPTVCZ7VB81X0GE37Y1SC,Antonio,Sims,9621,2025-04-02,4,"Unreliable product—my reel broke after one fishing trip. and Hidden fees popped up at checkout, really soured the experience..",2025-04-01,0,,
01JSVRPTVDEMFARDZ53ZBGMNM6,Amanda,Murillo,59959,2025-02-24,2,"Online order arrived on time, but packaging was slightly damaged. and Business hours are convenient, but the store was a bit messy. and Customer service was friendly but not very knowledgeable about firearms..",2025-03-18,0,,
01JSVRPTVD1C73V8N186J48YYS,Jacqueline,Smith,29650,2025-04-16,2,"Good pricing on camping gear, but the checkout line took forever..",2025-01-03,0,,
01JSVRPTVDDABJN2EX6QKVGBYG,William,Cook,59255,2025-03-16,1,"Product was in stock and worked perfectly, couldn’t be happier..",2025-04-16,0,,
01JSVRPTVDT6ZR61BWXH0PSR4M,Glenn,Diaz,84856,2025-04-06,5,"Hidden fees everywhere, felt like a bait-and-switch on pricing..",2025-01-11,0,,
01JSVRPTVE524ZDFRHNGC9N26W,Thomas,Vazquez,43692,2025-02-07,4,"Poor product availability, they were out of the tent I wanted. and Online order was delayed with no updates, frustrating process..",2025-03-05,0,,
01JSVRPTVE86BEWN3HT6VN33SF,Sabrina,Bishop,46523,2025-04-19,3,Shipping took longer than expected for my kayak order..,2025-03-27,1,2025-01-26,faster and more reliable shipping
01JSVRPTVFDN8XBWQ0MNDJJKEG,Cory,Freeman,99929,2025-01-15,3,"Shipping took longer than expected for my kayak order. and Business hours are alright, but they close too early on weekends..",2025-03-04,0,,
01JSVRPTVFQ3PT60NKTBAHFNPS,Lauren,Miller,17916,2025-03-08,3,"Average experience, pricing was okay but nothing special..",2025-02-03,0,,
01JSVRPTVFDES029DKYXD0WMA7,Brian,Baker,76428,2025-01-29,3,"Average experience, pricing was okay but nothing special. and Shipping took longer than expected for my kayak order. and Store was clean, but the return policy felt restrictive..",2025-01-12,0,,
01JSVRPTVFW0RDBPCQN0PV9R3F,Victor,Adams,62787,2025-03-27,2,"Business hours are convenient, but the store was a bit messy..",2025-03-25,0,,
01JSVRPTVGRR4K2YVFVJ9E9T9Z,Christine,Oliver,34127,2025-03-20,3,"Store was clean, but the return policy felt restrictive..",2025-03-26,1,2025-04-12,a more flexible and customer-friendly return policy
01JSVRPTVGNBEMY74W54H39MB5,Ryan,Johnson,37081,2025-01-05,5,"Return policy is a nightmare, they wouldn’t take back a faulty item. and Business hours are ridiculous, closed mid-day when I stopped by. and Hidden fees everywhere, felt like a bait-and-switch on pricing..",2025-04-17,1,2025-02-03,a straightforward and fair return process
01JSVRPTVG5A14JFHKDM0C71RG,Joshua,Mckenzie,53130,2025-02-21,1,"Return process was super easy and hassle-free. and Fast shipping on my online order, arrived ahead of schedule. and Outstanding customer service, staff went above and beyond to help me find the right gear..",2025-04-13,0,,
01JSVRPTVGYZGN8BFJ1XTV6TC9,Jack,Meyer,55592,2025-01-27,5,"Out of stock on half the fishing gear I needed, waste of a trip. and Return policy is a nightmare, they wouldn’t take back a faulty item..",2025-01-19,0,,
01JSVRPTVHFXCYMN3QRNWAA4AW,Charles,Morton,48847,2025-04-26,5,"Online order lost in transit and no one could explain why. and Hidden fees everywhere, felt like a bait-and-switch on pricing. and Business hours are ridiculous, closed mid-day when I stopped by..",2025-03-27,1,2025-04-13,reliable order tracking and delivery
01JSVRPTVH2HCVBHK59Q8CY0YB,Brandon,Hubbard,24973,2025-01-07,4,"Poor product availability, they were out of the tent I wanted..",2025-02-15,0,,
01JSVRPTVH4BSB47QPN42B93CB,Jeffrey,Thomas,75489,2025-01-07,1,"Fast shipping on my online order, arrived ahead of schedule. and Best prices I’ve seen for high-quality fishing rods, no complaints here!.",2025-02-01,0,,
01JSVRPTVJ9SW5FXWVJJY70YPQ,Tasha,Stanley,47533,2025-01-18,4,"Unreliable product—my reel broke after one fishing trip. and Online order was delayed with no updates, frustrating process. and Store hours are inconvenient, closed when I needed to shop..",2025-04-27,0,,
01JSVRPTVJMGXDN5BG1XHJ5DS7,Ashley,Morgan,47474,2025-04-11,5,Product was defective—my bike tire popped on the first ride..,2025-03-22,0,,
01JSVRPTVJ44RD251MM4NV29QN,Jeffrey,Rivera,40571,2025-01-11,2,"Online order arrived on time, but packaging was slightly damaged. and Business hours are convenient, but the store was a bit messy..",2025-02-26,0,,
01JSVRPTVJX4SQ4VCCYQG6WTCY,Miranda,Thomas,69026,2025-03-03,3,Customer service was fine but didn’t seem to care much..,2025-01-03,0,,
01JSVRPTVKX56HFFBGBA2TYXCM,Kimberly,Vargas,65797,2025-04-24,3,"Shipping took longer than expected for my kayak order. and Product availability was hit or miss, had to settle for my second choice..",2025-01-01,0,,
01JSVRPTVKS826AZF6QYZW9PPV,Richard,Ryan,84749,2025-03-11,1,"Knowledgeable staff helped me pick the perfect hunting boots. and Return process was super easy and hassle-free. and Outstanding customer service, staff went above and beyond to help me find the right gear..",2025-04-12,0,,
01JSVRPTVK8TBQSTJ79MPBNJ4J,Samuel,Key,43218,2025-01-08,4,"Hidden fees popped up at checkout, really soured the experience. and Online order was delayed with no updates, frustrating process..",2025-04-23,0,,
01JSVRPTVMY85KX4M7YE8RZHYJ,Todd,Collins,63719,2025-04-08,4,Customer service was slow and unhelpful with my warranty question..,2025-01-02,0,,
01JSVRPTVMMQP54VEXDEH9WDSK,Pamela,Christensen,95012,2025-01-23,3,"Average experience, pricing was okay but nothing special..",2025-01-10,0,,
01JSVRPTVM392N503SNZS608AQ,Briana,Carlson,2610,2025-02-07,4,"Hidden fees popped up at checkout, really soured the experience. and Poor product availability, they were out of the tent I wanted. and Online order was delayed with no updates, frustrating process..",2025-02-22,0,,
01JSVRPTVM5F9CFJPMD5EJBQN9,Christine,Wade,4136,2025-02-13,2,"Decent selection, but I wish they had more sizes in stock. and Good pricing on camping gear, but the checkout line took forever..",2025-01-03,0,,
01JSVRPTVNWACE9R3EA74X7382,Joshua,Cook,20205,2025-03-17,2,"Online order arrived on time, but packaging was slightly damaged. and Decent selection, but I wish they had more sizes in stock..",2025-02-14,0,,
01JSVRPTVN3NTCBV6FMBBSDEBN,Donald,Yates,1573,2025-01-26,5,"Return policy is a nightmare, they wouldn’t take back a faulty item. and Online order lost in transit and no one could explain why..",2025-02-09,0,,
01JSVRPTVNTC0A1EW5Z47ZX3YV,Connie,Scott,56136,2025-02-02,3,"Product availability was hit or miss, had to settle for my second choice. and Business hours are alright, but they close too early on weekends. and Customer service was fine but didn’t seem to care much..",2025-04-27,0,,
01JSVRPTVNVZQAP7VZTGYCD55Z,Jennifer,Wilson,40931,2025-04-20,5,"Terrible customer service, staff ignored me while I waited for help. and Product was defective—my bike tire popped on the first ride. and Business hours are ridiculous, closed mid-day when I stopped by..",2025-03-28,0,,
01JSVRPTVNVR16MF449KHFMAGC,John,Scott,74606,2025-02-05,1,"Return process was super easy and hassle-free. and Knowledgeable staff helped me pick the perfect hunting boots. and Outstanding customer service, staff went above and beyond to help me find the right gear..",2025-03-23,0,,
01JSVRPTVPSKNX35BGBE8M3K6B,Julia,Ayala,34616,2025-03-21,5,"Terrible customer service, staff ignored me while I waited for help. and Return policy is a nightmare, they wouldn’t take back a faulty item. and Product was defective—my bike tire popped on the first ride..",2025-04-20,1,2025-04-22,responsive and attentive customer service
01JSVRPTVPBCJ40NDZGG29FX9Y,Amanda,Davis,47552,2025-04-27,1,"Return process was super easy and hassle-free. and Best prices I’ve seen for high-quality fishing rods, no complaints here! and Knowledgeable staff helped me pick the perfect hunting boots..",2025-02-28,0,,
01JSVRPTVQZKQMXPN9TH2KRWYF,Jacqueline,Warren,68824,2025-03-25,3,"Customer service was fine but didn’t seem to care much. and Business hours are alright, but they close too early on weekends..",2025-04-11,0,,
01JSVRPTVQSCPMMNTQFPRSZYM0,Nancy,Hill,19201,2025-03-03,5,"Online order lost in transit and no one could explain why. and Business hours are ridiculous, closed mid-day when I stopped by. and Terrible customer service, staff ignored me while I waited for help..",2025-04-17,0,,
01JSVRPTVQT0Z2M6YJWXQ6J9NH,Kimberly,Miller,24314,2025-01-23,5,"Hidden fees everywhere, felt like a bait-and-switch on pricing. and Online order lost in transit and no one could explain why..",2025-03-08,0,,
01JSVRPTVR75NMWECGQ73PB083,Amanda,Payne,25954,2025-02-16,3,"Average experience, pricing was okay but nothing special. and Product availability was hit or miss, had to settle for my second choice. and Store was clean, but the return policy felt restrictive..",2025-03-25,0,,
01JSVRPTVRWYHVEQPSTVVKG7NX,Joseph,Anderson,34396,2025-02-24,5,"Product was defective—my bike tire popped on the first ride. and Out of stock on half the fishing gear I needed, waste of a trip. and Online order lost in transit and no one could explain why..",2025-01-17,0,,
01JSVRPTVRBN4T4ZAD01NYHZ1D,Heather,Moon,54592,2025-04-25,2,"Online order arrived on time, but packaging was slightly damaged. and Customer service was friendly but not very knowledgeable about firearms. and Decent selection, but I wish they had more sizes in stock..",2025-03-15,0,,
01JSVRPTVRC7PRBBYV6TB7F8PC,Michele,Marshall,65812,2025-01-22,5,"Return policy is a nightmare, they wouldn’t take back a faulty item. and Business hours are ridiculous, closed mid-day when I stopped by. and Product was defective—my bike tire popped on the first ride..",2025-02-23,0,,
01JSVRPTVSEVVKSZ0Q17H0K82D,Sheryl,Hernandez,61133,2025-03-08,2,Customer service was friendly but not very knowledgeable about firearms..,2025-01-31,0,,
01JSVRPTVSTK6N5W7XEXFEJC67,Scott,Kline,98466,2025-01-22,1,"Return process was super easy and hassle-free. and Fast shipping on my online order, arrived ahead of schedule. and Best prices I’ve seen for high-quality fishing rods, no complaints here!.",2025-03-01,0,,
01JSVRPTVSG2T7TYGTXRWNKFKY,Bernard,Mays,18835,2025-02-03,4,"Poor product availability, they were out of the tent I wanted. and Hidden fees popped up at checkout, really soured the experience. and Unreliable product—my reel broke after one fishing trip..",2025-04-12,0,,
01JSVRPTVSHYPQEETT84A6X4ZJ,Meghan,Little,74570,2025-01-06,1,"Best prices I’ve seen for high-quality fishing rods, no complaints here! and Fast shipping on my online order, arrived ahead of schedule. and Outstanding customer service, staff went above and beyond to help me find the right gear..",2025-03-21,0,,
01JSVRPTVT9SYKHAR4SGY1JN5T,Caitlin,Jackson,28499,2025-01-29,4,"Poor product availability, they were out of the tent I wanted. and Customer service was slow and unhelpful with my warranty question..",2025-02-19,0,,
01JSVRPTVTNAMCPSKQ0GZ5PTCK,Samuel,King,64557,2025-01-31,3,"Product availability was hit or miss, had to settle for my second choice. and Average experience, pricing was okay but nothing special. and Customer service was fine but didn’t seem to care much..",2025-04-19,1,2025-01-07,the exact products I needed in stock
01JSVRPTVT3CKMCM0FZ46605AW,William,Reed,83076,2025-01-16,1,"Fast shipping on my online order, arrived ahead of schedule. and Knowledgeable staff helped me pick the perfect hunting boots. and Best prices I’ve seen for high-quality fishing rods, no complaints here!.",2025-04-18,0,,
01JSVRPTVT92SDVDDP8D72WBMB,Amy,Hamilton,33251,2025-01-05,2,"Online order arrived on time, but packaging was slightly damaged. and Reliable product, though the staff seemed too busy to assist..",2025-04-04,0,,
01JSVRPTVT11QMEVJBDSG3BVEG,Joann,Craig,38750,2025-03-27,4,"Store hours are inconvenient, closed when I needed to shop. and Hidden fees popped up at checkout, really soured the experience..",2025-03-14,1,2025-01-29,more flexible store hours that fit my schedule
01JSVRPTVVG8NXT6G6WHSSECKS,Danielle,Farley,14358,2025-03-15,2,"Decent selection, but I wish they had more sizes in stock. and Reliable product, though the staff seemed too busy to assist..",2025-02-28,0,,
01JSVRPTVV6X89WPZT575CYHHT,Ashley,Page,54001,2025-02-16,4,"Online order was delayed with no updates, frustrating process. and Store hours are inconvenient, closed when I needed to shop..",2025-04-24,1,2025-02-11,timely order updates and faster delivery
01JSVRPTVV7AVA1T2Y37EHJP18,Erica,Harrell,62776,2025-02-25,5,Product was defective—my bike tire popped on the first ride..,2025-01-05,0,,
01JSVRPTVVTWNJM1QH0WC3V81K,Crystal,Baker,62322,2025-03-21,2,"Good pricing on camping gear, but the checkout line took forever. and Customer service was friendly but not very knowledgeable about firearms. and Business hours are convenient, but the store was a bit messy..",2025-03-24,0,,
01JSVRPTVWSPCGC9QJPHGD280Z,Sandra,Travis,26334,2025-03-19,1,"Product was in stock and worked perfectly, couldn’t be happier. and Knowledgeable staff helped me pick the perfect hunting boots. and Best prices I’ve seen for high-quality fishing rods, no complaints here!.",2025-03-03,0,,
01JSVRPTVWH285BY3JTH0TFVBE,Mark,Johnston,27236,2025-01-23,1,"Product was in stock and worked perfectly, couldn’t be happier. and Return process was super easy and hassle-free. and Fast shipping on my online order, arrived ahead of schedule..",2025-01-07,0,,
01JSVRPTVWMQBNHZRW86TVPH2P,Daniel,Taylor,14957,2025-01-11,2,"Customer service was friendly but not very knowledgeable about firearms. and Online order arrived on time, but packaging was slightly damaged. and Business hours are convenient, but the store was a bit messy..",2025-03-07,0,,
01JSVRPTVW52XH43G4KX43DKJY,Victoria,Montes,99656,2025-03-15,1,"Outstanding customer service, staff went above and beyond to help me find the right gear. and Knowledgeable staff helped me pick the perfect hunting boots..",2025-03-05,0,,
01JSVRPTVXXS6HFHYV45QGGCK6,Reginald,Williams,89420,2025-01-12,4,Customer service was slow and unhelpful with my warranty question..,2025-04-03,0,,
01JSVRPTVXZ4CKPH8YGQMSXVF0,Spencer,Lee,23161,2025-02-19,5,"Hidden fees everywhere, felt like a bait-and-switch on pricing. and Return policy is a nightmare, they wouldn’t take back a faulty item..",2025-03-30,0,,
01JSVRPTVXYFRT2CGVPX4D4KHM,Stacy,Anderson,16683,2025-04-24,2,"Online order arrived on time, but packaging was slightly damaged..",2025-01-24,0,,
01JSVRPTVX1C8BZVB4EKJ5AHFF,Monica,Aguilar,47906,2025-03-23,3,"Shipping took longer than expected for my kayak order. and Store was clean, but the return policy felt restrictive. and Business hours are alright, but they close too early on weekends..",2025-03-15,0,,
01JSVRPTVYCBPY61KF50BFZ3RN,Kelly,Miller,66643,2025-02-10,5,Product was defective—my bike tire popped on the first ride..,2025-03-03,0,,
01JSVRPTVY4AD78WFM5YJMKYCB,Annette,Macdonald,83705,2025-01-05,3,"Store was clean, but the return policy felt restrictive. and Product availability was hit or miss, had to settle for my second choice..",2025-04-16,0,,
01JSVRPTVYF4XF62PTMG7QZANW,Rhonda,Lara,40628,2025-02-03,2,"Decent selection, but I wish they had more sizes in stock..",2025-03-21,0,,
01JSVRPTVYSH7TMKJJ2WVAVPJ3,Susan,Mcdonald,50084,2025-03-29,2,"Customer service was friendly but not very knowledgeable about firearms. and Business hours are convenient, but the store was a bit messy. and Online order arrived on time, but packaging was slightly damaged..",2025-03-23,0,,
01JSVRPTVZSDFHX9WAE1NEMKNR,Amy,Mueller,22953,2025-04-16,4,"Hidden fees popped up at checkout, really soured the experience. and Customer service was slow and unhelpful with my warranty question..",2025-01-23,0,,
01JSVRPTVZ3NZPDZ4PYY5JZPTG,Michael,Carpenter,42598,2025-01-29,4,Customer service was slow and unhelpful with my warranty question..,2025-01-14,0,,
01JSVRPTVZHV5CRSFE5CNHCABR,Randy,Alvarado,53752,2025-04-20,3,"Shipping took longer than expected for my kayak order. and Average experience, pricing was okay but nothing special. and Product availability was hit or miss, had to settle for my second choice..",2025-03-01,0,,
01JSVRPTVZQA6M9TDTMBH7T67S,Robert,Hall,97049,2025-03-10,3,"Customer service was fine but didn’t seem to care much. and Business hours are alright, but they close too early on weekends..",2025-01-08,1,2025-02-13,more attentive and caring customer support
01JSVRPTVZZ2YKHWC9P2GV2W9C,Zachary,Lopez,36762,2025-03-02,2,"Online order arrived on time, but packaging was slightly damaged. and Customer service was friendly but not very knowledgeable about firearms. and Reliable product, though the staff seemed too busy to assist..",2025-02-16,0,,
01JSVRPTW08XWPPDHAS29Q7FW5,Jennifer,Singh,47187,2025-01-17,5,Online order lost in transit and no one could explain why..,2025-02-21,1,2025-02-26,reliable order tracking and delivery
01JSVRPTW061V7SMJSXCZSNFQ4,Daniel,Bautista,83167,2025-03-02,1,"Product was in stock and worked perfectly, couldn’t be happier. and Return process was super easy and hassle-free..",2025-02-03,0,,
01JSVRPTW05RKDRCE6KT7STNSB,John,Young,95926,2025-04-03,2,"Online order arrived on time, but packaging was slightly damaged. and Reliable product, though the staff seemed too busy to assist. and Customer service was friendly but not very knowledgeable about firearms..",2025-02-28,0,,
01JSVRPTW0CRSAG681VBWED18N,Arthur,Pittman,75364,2025-01-25,3,"Product availability was hit or miss, had to settle for my second choice. and Store was clean, but the return policy felt restrictive..",2025-02-03,0,,
01JSVRPTW0Z0C73J4G9G7YRK3P,Cassandra,Herring,29874,2025-03-03,5,"Business hours are ridiculous, closed mid-day when I stopped by. and Online order lost in transit and no one could explain why..",2025-02-22,0,,
01JSVRPTW1S7METHA2F3E00QAW,Courtney,Arias,97550,2025-04-14,4,"Poor product availability, they were out of the tent I wanted. and Customer service was slow and unhelpful with my warranty question..",2025-03-05,0,,
01JSVRPTW1XEWKTWQ5AFEYRCW4,Anna,Burke,82353,2025-02-13,5,Online order lost in transit and no one could explain why..,2025-02-09,0,,
01JSVRPTW1QACAKN4XZR28A1P3,Joseph,Conner,47842,2025-03-25,1,"Knowledgeable staff helped me pick the perfect hunting boots. and Outstanding customer service, staff went above and beyond to help me find the right gear. and Return process was super easy and hassle-free..",2025-04-24,0,,
01JSVRPTW131FC4B8VMK3SQDD7,Tammy,King,85334,2025-03-30,2,"Decent selection, but I wish they had more sizes in stock. and Customer service was friendly but not very knowledgeable about firearms..",2025-03-18,0,,
01JSVRPTW1FTPDFTZPNNERBGYF,Heidi,Adams,13494,2025-04-12,3,"Product availability was hit or miss, had to settle for my second choice. and Business hours are alright, but they close too early on weekends. and Customer service was fine but didn’t seem to care much..",2025-01-27,0,,
01JSVRPTW2S1NQ51Q21QA1NXG9,Kelly,Pittman,78349,2025-04-13,1,"Outstanding customer service, staff went above and beyond to help me find the right gear. and Best prices I’ve seen for high-quality fishing rods, no complaints here! and Product was in stock and worked perfectly, couldn’t be happier..",2025-03-26,0,,
01JSVRPTW231SRYWFD5SQD5RG9,Christopher,Walker,75627,2025-02-22,4,"Hidden fees popped up at checkout, really soured the experience. and Poor product availability, they were out of the tent I wanted. and Online order was delayed with no updates, frustrating process..",2025-03-16,0,,
01JSVRPTW2MAE2857MJ1XQP4PQ,Randy,Blackburn,48691,2025-04-23,3,"Business hours are alright, but they close too early on weekends..",2025-01-08,0,,
01JSVRPTW2RVDZC4AD9F4K05RA,Sharon,George,74323,2025-04-13,2,Customer service was friendly but not very knowledgeable about firearms..,2025-03-06,0,,
01JSVRPTW3678D8FFTJF7T3FXF,Hector,Terry,31250,2025-03-24,4,"Customer service was slow and unhelpful with my warranty question. and Online order was delayed with no updates, frustrating process. and Unreliable product—my reel broke after one fishing trip..",2025-02-13,0,,
01JSVRPTW3ZDNF2PZF0897TQ7V,Kurt,Martinez,58057,2025-02-08,5,"Terrible customer service, staff ignored me while I waited for help..",2025-01-25,0,,
01JSVRPTW3AFF48RM9K9XTX086,Pamela,Warren,24057,2025-03-31,2,"Good pricing on camping gear, but the checkout line took forever. and Customer service was friendly but not very knowledgeable about firearms..",2025-03-23,0,,
01JSVRPTW37CY17TRY4MEWECBH,Nicholas,Miller,67379,2025-03-29,1,"Knowledgeable staff helped me pick the perfect hunting boots. and Product was in stock and worked perfectly, couldn’t be happier. and Fast shipping on my online order, arrived ahead of schedule..",2025-03-11,0,,
01JSVRPTW3DE0XYK46A0TNZQGY,Judy,Farmer,80632,2025-01-10,5,"Return policy is a nightmare, they wouldn’t take back a faulty item. and Out of stock on half the fishing gear I needed, waste of a trip. and Hidden fees everywhere, felt like a bait-and-switch on pricing..",2025-02-11,0,,
01JSVRPTW4EDNKPE0R8D6WGBBC,Corey,Little,26924,2025-04-06,1,"Return process was super easy and hassle-free. and Outstanding customer service, staff went above and beyond to help me find the right gear..",2025-01-20,0,,
01JSVRPTW413ZXFBVNG3AD2Q42,Angela,Hunt,50185,2025-02-18,1,Knowledgeable staff helped me pick the perfect hunting boots. and Return process was super easy and hassle-free..,2025-02-01,0,,
01JSVRPTW4S2RC9JCGZXKJKCSM,Sheila,Jackson,34822,2025-01-07,3,"Average experience, pricing was okay but nothing special. and Shipping took longer than expected for my kayak order..",2025-02-12,1,2025-04-23,more competitive pricing and better value
01JSVRPTW4FJJR9984HVMHFSB9,Kevin,Lara,67311,2025-02-10,5,"Terrible customer service, staff ignored me while I waited for help. and Out of stock on half the fishing gear I needed, waste of a trip..",2025-04-18,0,,
01JSVRPTW45XM7KZF33Y466A01,Tara,Boyd,47686,2025-04-15,2,"Online order arrived on time, but packaging was slightly damaged. and Good pricing on camping gear, but the checkout line took forever..",2025-04-04,0,,
01JSVRPTW5PK8MQ89C0AA9TQGE,Molly,Lopez,13641,2025-03-07,4,"Store hours are inconvenient, closed when I needed to shop. and Poor product availability, they were out of the tent I wanted..",2025-02-24,0,,
01JSVRPTW5K2M3ERTNDH10C0CQ,Rebecca,Gonzales,23248,2025-01-08,1,"Outstanding customer service, staff went above and beyond to help me find the right gear. and Best prices I’ve seen for high-quality fishing rods, no complaints here!.",2025-01-02,0,,
01JSVRPTW5N4ZBNBW8SWJ2MDXZ,Veronica,Hardy,95337,2025-02-02,2,"Decent selection, but I wish they had more sizes in stock..",2025-02-19,0,,
01JSVRPTW5TGVJA76KT2BJ04TV,Mary,Lindsey,46328,2025-02-09,1,"Outstanding customer service, staff went above and beyond to help me find the right gear. and Return process was super easy and hassle-free. and Fast shipping on my online order, arrived ahead of schedule..",2025-04-08,0,,
01JSVRPTW5V2K4PVRHYMVQPSFK,Kayla,Fernandez,460,2025-01-24,1,"Best prices I’ve seen for high-quality fishing rods, no complaints here! and Fast shipping on my online order, arrived ahead of schedule..",2025-03-01,0,,
01JSVRPTW6FMKXNZD17HABHWW5,Patrick,Ballard,47278,2025-02-06,5,"Terrible customer service, staff ignored me while I waited for help. and Online order lost in transit and no one could explain why..",2025-01-12,0,,
01JSVRPTW6AWDWF875C86KET83,Kimberly,Rice,76743,2025-04-21,4,"Store hours are inconvenient, closed when I needed to shop..",2025-04-27,1,2025-02-14,more flexible store hours that fit my schedule
01JSVRPTW607DK1JY1T1SEWFDK,David,Wiggins,70195,2025-04-12,3,Shipping took longer than expected for my kayak order..,2025-03-16,0,,
01JSVRPTW6X2TT6PAHJ3X8B95G,Morgan,Graham,75025,2025-01-04,2,"Online order arrived on time, but packaging was slightly damaged..",2025-01-12,0,,
01JSVRPTW7JT9R0SY3EDX6TBKZ,Johnny,Long,20383,2025-03-11,1,"Best prices I’ve seen for high-quality fishing rods, no complaints here! and Outstanding customer service, staff went above and beyond to help me find the right gear. and Fast shipping on my online order, arrived ahead of schedule..",2025-02-17,0,,
01JSVRPTW7DSF4WB30RENQ3BPS,Chad,Peterson,84536,2025-02-15,4,"Hidden fees popped up at checkout, really soured the experience. and Customer service was slow and unhelpful with my warranty question. and Online order was delayed with no updates, frustrating process..",2025-03-21,0,,
01JSVRPTW7X9J3BBRN1RERKN2M,Victoria,Castillo,55187,2025-01-21,1,"Best prices I’ve seen for high-quality fishing rods, no complaints here! and Knowledgeable staff helped me pick the perfect hunting boots. and Return process was super easy and hassle-free..",2025-03-30,0,,
01JSVRPTW7K5HF0QH0QDZ00XQA,Steven,Lynn,45219,2025-04-20,4,Customer service was slow and unhelpful with my warranty question..,2025-02-22,0,,
01JSVRPTW89Q4H5N315QQY6CFP,Jeffrey,York,71596,2025-04-13,2,"Online order arrived on time, but packaging was slightly damaged. and Decent selection, but I wish they had more sizes in stock. and Business hours are convenient, but the store was a bit messy..",2025-03-19,0,,
01JSVRPTW848JEH92TQ77CF68Z,George,Pena,20603,2025-02-13,2,"Reliable product, though the staff seemed too busy to assist..",2025-04-16,0,,
01JSVRPTW8AG2WDQFA13H77Y9G,Amanda,Wood,12634,2025-01-05,3,"Product availability was hit or miss, had to settle for my second choice..",2025-02-27,0,,
01JSVRPTW85FNM0TVY4Q56W7RY,Nancy,Maynard,15973,2025-01-04,5,"Hidden fees everywhere, felt like a bait-and-switch on pricing..",2025-04-03,0,,
01JSVRPTW8RRSVV9PND9S6VCW1,Brandon,Jackson,47037,2025-01-05,1,"Best prices I’ve seen for high-quality fishing rods, no complaints here!.",2025-02-19,0,,
01JSVRPTW9CWXYD67SER85QD79,Jamie,Mitchell,38548,2025-03-27,1,"Best prices I’ve seen for high-quality fishing rods, no complaints here! and Knowledgeable staff helped me pick the perfect hunting boots..",2025-02-10,0,,
01JSVRPTW91R1G7DEETFPAJ68C,Jennifer,Vaughn,57713,2025-01-05,4,"Store hours are inconvenient, closed when I needed to shop. and Hidden fees popped up at checkout, really soured the experience. and Poor product availability, they were out of the tent I wanted..",2025-02-13,1,2025-01-25,more flexible store hours that fit my schedule
01JSVRPTW958EJRE4QAH98K8XR,Nicole,Simon,54365,2025-03-29,2,"Decent selection, but I wish they had more sizes in stock. and Reliable product, though the staff seemed too busy to assist. and Customer service was friendly but not very knowledgeable about firearms..",2025-01-30,0,,
01JSVRPTW90YTHJ67VS1FQD3X5,Felicia,James,73869,2025-01-27,3,"Shipping took longer than expected for my kayak order. and Average experience, pricing was okay but nothing special. and Customer service was fine but didn’t seem to care much..",2025-03-14,0,,
01JSVRPTWA59XBHD22JK5K6B2C,Samantha,Thomas,20415,2025-04-14,1,"Return process was super easy and hassle-free. and Best prices I’ve seen for high-quality fishing rods, no complaints here!.",2025-04-01,0,,
01JSVRPTWA2Z8RB52FM0QJB324,John,Weeks,34788,2025-04-17,1,Knowledgeable staff helped me pick the perfect hunting boots..,2025-01-14,0,,
01JSVRPTWAQ5DZGW2TED21QPK2,Karen,Peterson,99339,2025-02-09,2,"Decent selection, but I wish they had more sizes in stock. and Online order arrived on time, but packaging was slightly damaged. and Business hours are convenient, but the store was a bit messy..",2025-02-19,0,,
01JSVRPTWAKGV88MJVKJCTVK8F,Monique,Hoover,72028,2025-03-01,4,"Customer service was slow and unhelpful with my warranty question. and Poor product availability, they were out of the tent I wanted. and Store hours are inconvenient, closed when I needed to shop..",2025-04-21,1,2025-03-17,faster and more helpful warranty support
01JSVRPTWA62CQTHCT0HTVH70V,John,Bates,59403,2025-01-21,4,"Hidden fees popped up at checkout, really soured the experience. and Online order was delayed with no updates, frustrating process. and Customer service was slow and unhelpful with my warranty question..",2025-02-14,0,,
01JSVRPTWB1J7F9M35GNYS9KM7,Joyce,Wilkins,74724,2025-01-28,3,"Shipping took longer than expected for my kayak order. and Product availability was hit or miss, had to settle for my second choice. and Customer service was fine but didn’t seem to care much..",2025-04-02,0,,
01JSVRPTWBZTWZHM8PTW635MMG,Joshua,Franco,69541,2025-01-30,3,"Store was clean, but the return policy felt restrictive..",2025-01-31,1,2025-01-14,a more flexible and customer-friendly return policy
01JSVRPTWBJ94X5ZE4XH7S0CQR,William,Gillespie,782,2025-01-14,1,Return process was super easy and hassle-free..,2025-02-15,0,,
01JSVRPTWB1GZ74PSH9VHYDK6B,Tammy,Griffin,18463,2025-02-16,3,Shipping took longer than expected for my kayak order..,2025-04-17,0,,
01JSVRPTWB7ZS9S9TYEZTD5CQK,Lisa,Marshall,81843,2025-04-08,1,"Product was in stock and worked perfectly, couldn’t be happier..",2025-02-05,0,,
01JSVRPTWB3P1M0T9VB79W1EHS,Kimberly,Skinner,36525,2025-04-20,1,"Knowledgeable staff helped me pick the perfect hunting boots. and Product was in stock and worked perfectly, couldn’t be happier. and Outstanding customer service, staff went above and beyond to help me find the right gear..",2025-02-14,0,,
01JSVRPTWCHF4SCE5DMWACV06G,Susan,Freeman,86779,2025-01-23,1,"Product was in stock and worked perfectly, couldn’t be happier..",2025-02-11,0,,
01JSVRPTWCN7MP49ZD1W2Z8CGD,Jonathan,Carroll,1573,2025-03-30,1,"Return process was super easy and hassle-free. and Fast shipping on my online order, arrived ahead of schedule..",2025-02-24,0,,
01JSVRPTWCAHQSXPR702APYE3Q,Derrick,Franklin,37279,2025-03-26,2,"Reliable product, though the staff seemed too busy to assist..",2025-01-19,0,,
01JSVRPTWCWRRGJ1RTEVNMS64J,Kelly,Johnson,64644,2025-01-09,5,"Out of stock on half the fishing gear I needed, waste of a trip..",2025-04-04,0,,
01JSVRPTWCE4YW3CY3DWNFMBS6,Amber,Little,1904,2025-03-03,3,"Store was clean, but the return policy felt restrictive. and Product availability was hit or miss, had to settle for my second choice. and Customer service was fine but didn’t seem to care much..",2025-04-21,0,,
01JSVRPTWDM5Q5ZW6023789Q5C,Isaiah,White,75070,2025-04-13,5,"Return policy is a nightmare, they wouldn’t take back a faulty item. and Out of stock on half the fishing gear I needed, waste of a trip. and Hidden fees everywhere, felt like a bait-and-switch on pricing..",2025-01-24,0,,
01JSVRPTWDN27ZKHKPVMQNMBV2,Douglas,Rivera,48664,2025-01-14,3,"Store was clean, but the return policy felt restrictive..",2025-04-13,0,,
01JSVRPTWDAGXS7E65Y1B3YNW0,Thomas,Chandler,21492,2025-03-13,4,Customer service was slow and unhelpful with my warranty question..,2025-04-07,1,2025-01-07,faster and more helpful warranty support
